Domain,Status,Attractiveness,Demand,Length,Sectors,Created,Expires,Registrar
one.training,resell,132,44%,3,"Business,General,Media,Technology",01/03/2020 02:49,01/03/2026 02:49,Porkbun LLC
brief.training,available,124,19%,5,"Business,Education,General,Law",,,
second.training,available,120,23%,6,"General,Mathematics",,,
equal.training,available,116,19%,5,"Education,General,Law",,,
flat.training,available,116,24%,4,"Construction,Real Estate",,,
tenth.training,available,116,7%,5,Mathematics,,,
tonic.training,available,114,22%,5,"Health and Fitness,Medicine,Science",,,
hotshot.training,available,112,14%,7,"Business,Entertainment,Sports",,,
zero.training,resell,112,49%,4,Mathematics,11/02/2025 17:09,11/02/2026 17:09,"Sav.com, LLC"
abstract.training,available,108,29%,8,"Arts,Humanities,Science",,,
abiding.training,available,106,5%,7,"General,Religion",,,
teen.training,available,104,14%,4,"Education,Entertainment,Healthcare",,,
absent.training,available,102,8%,6,"Business,Education,Technology",,,
extra.training,resell,102,26%,5,"Fashion,Retail,Technology",19/08/2014 22:33,19/08/2026 22:33,"Key-Systems, LLC"
eight.training,available,102,23%,5,"General,Mathematics",,,
remove.training,available,100,13%,6,"Construction,Manufacturing,Technology",,,
whiz.training,available,100,12%,4,"Business,Education,Technology",,,
adjunct.training,available,100,5%,7,Education,,,
ninth.training,available,100,9%,5,Mathematics,,,
abrupt.training,available,100,3%,6,"Medicine,Science",,,
eighth.training,available,100,6%,6,Mathematics,,,
sixth.training,available,100,8%,5,Mathematics,,,
crack.training,available,100,20%,5,Sports,,,
whizz.training,available,98,11%,5,"Business,Education,Technology",,,
forgiving.training,available,96,3%,9,"Healthcare,Religion",,,
doable.training,available,96,9%,6,"Business,Education,Technology",,,
alamode.training,available,96,12%,9,Fashion,,,
academic.training,expiring,96,20%,8,"Education,Humanities,Science",26/08/2016 18:41,26/08/2025 18:41,"Network Solutions, LLC"
virtuoso.training,available,94,16%,8,"Arts,Entertainment",,,
abject.training,available,94,7%,6,Humanities,,,
around.training,available,94,22%,6,"Business,General,Media,Technology",,,
adequate.training,available,94,9%,8,"Education,Healthcare,Technology",,,
abroad.training,available,92,12%,6,"Hospitality,Travel",,,
adjective.training,available,92,5%,9,Education,,,
derelict.training,available,92,7%,8,"Construction,Real Estate",,,
neutral.training,available,92,20%,7,"Business,Media,Politics",,,
exemplary.training,available,92,5%,9,"Business,Education,Healthcare",,,
twentieth.training,available,92,3%,9,Mathematics,,,
nought.training,available,92,4%,6,Mathematics,,,
adoring.training,available,90,2%,7,"Entertainment,Fashion,Retail",,,
additional.training,available,90,8%,10,"Fashion,Retail,Technology",,,
riveting.training,available,90,6%,8,"Entertainment,Media,Technology",,,
gripping.training,available,90,3%,8,"Entertainment,Media,Technology",,,
endearing.training,available,90,1%,9,"Entertainment,Fashion,Retail",,,
addictive.training,available,90,9%,9,Healthcare,,,
abortive.training,available,90,1%,8,"Medicine,Science",,,
eleven.training,available,88,33%,6,Mathematics,,,
activist.training,available,88,12%,8,"Humanities,Politics",,,
ace.training,expiring,88,34%,3,Sports,19/08/2019 18:42,19/08/2025 18:42,"GoDaddy.com, LLC"
twelve.training,available,88,18%,6,"General,Mathematics",,,
fifteen.training,available,88,13%,7,Mathematics,,,
three.training,expiring,88,24%,5,Mathematics,31/08/2024 17:00,31/08/2025 17:00,Domain Science Kutatási Szolgáltató Korlátolt Felelősségű Társaság
wide.training,available,88,18%,4,"Business,Media,Technology",,,
hundred.training,available,88,14%,7,Mathematics,,,
proficient.training,available,88,8%,10,"Education,Health and Fitness,Sports",,,
adlib.training,available,88,7%,6,Entertainment,,,
sixteen.training,available,88,11%,7,Mathematics,,,
intent.training,available,86,25%,6,"Business,Education,Technology",,,
extempore.training,available,86,3%,9,Entertainment,,,
attendant.training,available,86,5%,9,"Healthcare,Hospitality,Transportation",,,
aboriginal.training,available,86,10%,10,Humanities,,,
engrossing.training,available,86,0%,10,"Entertainment,Media,Technology",,,
star.training,available,86,40%,4,"Entertainment,Media,Sports",,,
xiv.training,available,86,12%,3,Mathematics,,,
xix.training,available,86,11%,3,Mathematics,,,
recondite.training,available,86,4%,9,"Arts,Humanities,Science",,,
adolescent.training,available,86,3%,10,"Education,Entertainment,Healthcare",,,
cipher.training,available,86,29%,6,Mathematics,,,
fourteen.training,available,84,8%,8,Mathematics,,,
grand.training,available,84,25%,5,"Finance,General",,,
seventeen.training,available,84,7%,9,Mathematics,,,
thirteen.training,available,84,10%,8,Mathematics,,,
twentytwo.training,available,84,11%,10,Mathematics,,,
acting.training,available,84,12%,6,Entertainment,,,
nineteen.training,available,84,8%,8,Mathematics,,,
thousand.training,available,84,8%,8,Mathematics,,,
adjustable.training,available,84,3%,10,"Manufacturing,Retail,Technology",,,
sharp.training,available,84,34%,5,"Arts,Fashion",,,
twentyone.training,available,84,13%,10,Mathematics,,,
accessory.training,available,84,8%,9,"Fashion,Retail,Technology",,,
fivesome.training,available,82,1%,8,Sports,,,
abenaki.training,available,82,2%,7,Geography,,,
abroach.training,available,82,1%,7,Food and Beverage,,,
altered.training,available,82,9%,7,"Medicine,Science",,,
dozen.training,available,82,10%,5,Mathematics,,,
decade.training,available,82,10%,6,Mathematics,,,
impromptu.training,available,82,16%,9,Entertainment,,,
enduring.training,available,82,9%,8,"Health and Fitness,Religion",,,
abdominal.training,available,82,1%,9,"Health and Fitness,Medicine",,,
cleansing.training,available,82,3%,9,Health and Fitness,,,
absorbent.training,available,82,3%,9,"Healthcare,Manufacturing,Retail",,,
abkhaz.training,available,82,1%,6,Geography,,,
seventh.training,available,80,10%,7,Mathematics,,,
wiz.training,available,80,30%,3,"Business,Education,Technology",,,
sequent.training,available,80,7%,7,"Healthcare,Insurance,Transportation",,,
abundant.training,available,80,19%,8,"Agriculture,Manufacturing,Retail",,,
absurd.training,available,80,16%,6,"Arts,Entertainment,Media",,,
absolute.training,resell,80,25%,8,"Engineering,Mathematics,Science",02/08/2024 15:15,02/08/2026 15:15,"Spaceship, Inc."
superstar.training,available,80,18%,9,Entertainment,,,
capable.training,available,80,12%,7,"Business,Education,Technology",,,
adoptable.training,available,80,3%,9,"Education,Healthcare",,,
dorsal.training,available,80,6%,6,"Medicine,Science",,,
twenty.training,available,80,12%,6,Mathematics,,,
worshipful.training,available,80,1%,10,"Education,Healthcare,Religion",,,
able.training,available,80,29%,4,"Business,Education,General,Technology",,,
forty.training,available,80,9%,5,Mathematics,,,
absorbable.training,available,80,0%,10,"Healthcare,Pharmaceuticals,Science",,,
nine.training,available,80,24%,4,"General,Mathematics",,,
two.training,available,80,24%,3,Mathematics,,,
absorptive.training,available,78,1%,10,"Healthcare,Manufacturing,Retail",,,
acceptant.training,available,78,1%,9,"Education,Healthcare",,,
honestly.training,available,78,9%,8,"Business,Law",,,
recognised.training,available,78,3%,10,"Business,Education,Technology",,,
adorable.training,available,78,8%,8,"Entertainment,Fashion,Retail",,,
accidental.training,available,78,11%,10,"Healthcare,Insurance,Transportation",,,
acceptable.training,available,78,5%,10,"Business,Hospitality,Retail",,,
abkhazian.training,available,78,1%,9,Geography,,,
accessible.training,resell,78,21%,10,"Healthcare,Retail,Technology",20/01/2025 04:58,20/01/2026 04:58,"GoDaddy.com, LLC"
twentysix.training,available,78,8%,10,Mathematics,,,
dormant.training,available,78,4%,7,"Medicine,Science",,,
abkhasian.training,available,78,1%,9,Geography,,,
abounding.training,available,78,2%,9,Agriculture,,,
low.training,available,78,20%,3,"Business,Finance",,,
accepted.training,available,78,6%,8,"Business,Education,Technology",,,
recognized.training,available,78,3%,10,"Business,Education,Technology",,,
sixtynine.training,available,78,8%,10,Mathematics,,,
adrenal.training,available,78,4%,7,"Education,Healthcare,Science",,,
improvise.training,available,76,4%,9,Entertainment,,,
auxiliary.training,available,76,7%,9,"Healthcare,Manufacturing,Technology",,,
addable.training,available,76,2%,7,"Engineering,Mathematics,Science",,,
adhesive.training,available,76,7%,8,"Construction,Manufacturing,Technology",,,
adaptive.training,resell,76,28%,8,"Business,Education,Technology",22/05/2019 14:40,22/05/2026 14:40,Dynadot Inc
acoustic.training,available,76,14%,8,Science,,,
fifteenth.training,available,76,2%,9,Mathematics,,,
ancillary.training,available,76,6%,9,"Healthcare,Manufacturing,Technology",,,
diamond.training,resell,76,32%,7,Fashion,18/05/2025 15:16,18/05/2026 15:16,"Sav.com, LLC - 5"
nineteenth.training,available,76,3%,10,Mathematics,,,
hundredth.training,available,76,1%,9,Mathematics,,,
incidental.training,available,76,4%,10,"Healthcare,Insurance,Transportation",,,
ague.training,available,76,2%,4,"Geography,Medicine,Science",,,
ventral.training,available,76,3%,7,Science,,,
eighteen.training,available,76,7%,8,Mathematics,,,
resultant.training,available,76,2%,9,"Healthcare,Insurance,Transportation",,,
adaptable.training,available,76,9%,9,"Business,Education,Technology",,,
threed.training,available,76,7%,7,Technology,,,
obscene.training,available,76,5%,7,"Entertainment,Media",,,
adipose.training,available,76,2%,7,"Healthcare,Science",,,
abrasive.training,available,76,6%,8,"Construction,Manufacturing",,,
adherent.training,available,76,4%,8,"Politics,Religion",,,
fourteenth.training,available,76,1%,10,Mathematics,,,
thousandth.training,available,76,1%,10,Mathematics,,,
firstrate.training,available,76,6%,10,Business,,,
thirteenth.training,available,76,4%,10,Mathematics,,,
energizing.training,available,76,3%,10,"Food and Beverage,Health and Fitness,Travel",,,
admirable.training,available,74,5%,9,"Business,Education,Healthcare",,,
single.training,available,74,19%,6,Sports,,,
playing.training,available,74,12%,7,Entertainment,,,
abnormal.training,available,74,16%,8,"Medicine,Science",,,
accepting.training,available,74,3%,9,"Education,Healthcare",,,
skilful.training,available,74,3%,7,"Education,Health and Fitness,Sports",,,
mavin.training,available,74,7%,5,"Entertainment,Fashion,Technology",,,
adamant.training,available,74,14%,7,Religion,,,
aberrant.training,available,74,6%,8,"Medicine,Science",,,
manageable.training,available,74,4%,10,"Business,Education,Technology",,,
activated.training,available,74,9%,9,"Healthcare,Manufacturing,Technology",,,
cleared.training,available,74,7%,7,"Healthcare,Law,Transportation",,,
realizable.training,available,74,1%,10,"Business,Education,Technology",,,
broad.training,available,74,13%,5,"Entertainment,General,Media",,,
acuate.training,available,74,2%,6,"Engineering,Medicine,Science",,,
adrenergic.training,available,74,1%,10,"Education,Healthcare,Science",,,
sensation.training,available,74,7%,9,"Entertainment,Media,Sports",,,
achievable.training,available,74,4%,10,"Business,Education,Technology",,,
adenoid.training,available,74,1%,7,"Health and Fitness,Medicine,Science",,,
ninetieth.training,available,72,1%,9,Mathematics,,,
aching.training,available,72,4%,6,Healthcare,,,
accusative.training,available,72,0%,10,"Humanities,Law",,,
adonic.training,available,72,2%,6,"Arts,Education,Entertainment",,,
absorbed.training,available,72,2%,8,"Entertainment,Media,Technology",,,
liv.training,available,72,27%,3,Mathematics,,,
existent.training,available,72,3%,8,"Mathematics,Science",,,
trinity.training,available,72,18%,7,Religion,,,
engrossed.training,available,72,1%,9,"Entertainment,Media,Technology",,,
addicted.training,available,72,9%,8,Healthcare,,,
adiabatic.training,available,72,3%,9,"Engineering,Science",,,
adjunctive.training,available,72,1%,10,"Healthcare,Manufacturing,Technology",,,
trey.training,available,72,14%,4,Sports,,,
absolutist.training,available,72,1%,10,"Humanities,Law,Politics",,,
adaptative.training,available,72,1%,10,"Business,Education,Technology",,,
abreast.training,available,72,2%,7,"Business,Technology",,,
sixtieth.training,available,72,1%,8,Mathematics,,,
abloom.training,available,72,5%,6,Agriculture,,,
accustomed.training,available,72,1%,10,"Business,Education,Humanities",,,
improvize.training,available,72,1%,9,Entertainment,,,
lovely.training,available,72,26%,6,"Entertainment,Fashion,Retail",,,
ablaze.training,available,72,6%,6,Entertainment,,,
eightieth.training,available,72,1%,9,Mathematics,,,
adjectival.training,available,72,1%,10,Education,,,
ternary.training,available,72,7%,7,Mathematics,,,
seventieth.training,available,72,1%,10,Mathematics,,,
stillborn.training,available,70,2%,9,"Medicine,Science",,,
acuminate.training,available,70,1%,9,"Engineering,Medicine,Science",,,
recumbent.training,available,70,2%,9,"Healthcare,Medicine,Science",,,
lowdown.training,available,70,6%,8,"Entertainment,Media",,,
practiced.training,available,70,3%,9,"Education,Health and Fitness,Sports",,,
miserable.training,available,70,4%,9,Humanities,,,
abradant.training,available,70,1%,8,"Construction,Manufacturing",,,
admired.training,available,70,5%,7,"Business,Education,Healthcare",,,
gymnastic.training,resell,70,3%,9,"Entertainment,Sports",27/03/2014 05:27,27/03/2026 05:27,"GoDaddy.com, LLC"
offhand.training,available,70,2%,7,Entertainment,,,
abulic.training,available,70,1%,6,Medicine,,,
adored.training,available,70,6%,6,"Entertainment,Fashion,Retail",,,
skillful.training,available,70,9%,8,"Education,Health and Fitness,Sports",,,
adamantine.training,available,70,4%,10,Religion,,,
consequent.training,available,70,3%,10,"Business,Education,General,Technology",,,
accumbent.training,available,70,1%,9,"Healthcare,Medicine,Science",,,
absorbing.training,available,70,3%,9,"Entertainment,Media,Technology",,,
adjusted.training,available,70,5%,8,"Manufacturing,Retail,Technology",,,
tiptop.training,available,70,24%,6,Fashion,,,
aroused.training,available,68,3%,7,"Entertainment,Health and Fitness",,,
aberdonian.training,available,68,1%,10,Geography,,,
ennead.training,available,68,5%,6,Mathematics,,,
stygian.training,available,68,5%,7,Humanities,,,
foursome.training,available,68,4%,8,Sports,,,
abkhas.training,available,68,0%,6,Geography,,,
decorated.training,available,68,3%,9,"Entertainment,Fashion,Retail",,,
scurvy.training,available,68,3%,6,Humanities,,,
overseas.training,available,68,12%,8,"Hospitality,Travel",,,
licenced.training,available,68,2%,8,"Business,Healthcare,Insurance",,,
achaian.training,available,68,2%,7,Humanities,,,
activating.training,available,68,3%,10,"Healthcare,Manufacturing,Technology",,,
octonary.training,available,68,1%,8,Mathematics,,,
ablative.training,available,68,3%,8,Science,,,
thirtieth.training,available,68,1%,9,Mathematics,,,
achaean.training,available,68,2%,7,Humanities,,,
fiftieth.training,available,68,0%,8,Mathematics,,,
abducent.training,available,68,0%,8,Medicine,,,
licensed.training,available,68,5%,8,"Business,Healthcare,Insurance",,,
threesome.training,available,68,5%,9,Entertainment,,,
septenary.training,available,68,1%,9,Mathematics,,,
sevener.training,available,68,1%,7,Mathematics,,,
aculeate.training,available,68,1%,8,"Engineering,Medicine,Science",,,
fortieth.training,available,68,0%,8,Mathematics,,,
vindicated.training,available,68,2%,10,"Humanities,Law,Politics",,,
acerate.training,available,68,1%,7,Science,,,
abnaki.training,available,68,1%,6,Geography,,,
buzzing.training,available,66,7%,7,"Entertainment,Media,Technology",,,
xiii.training,available,66,9%,4,Mathematics,,,
clv.training,available,66,10%,3,Mathematics,,,
acappella.training,available,66,6%,10,Entertainment,,,
thirty.training,available,66,8%,6,Mathematics,,,
acrobatic.training,available,66,4%,9,"Entertainment,Sports",,,
xxi.training,available,66,10%,3,Mathematics,,,
latest.training,available,66,18%,6,Technology,,,
xxv.training,available,66,6%,3,Mathematics,,,
xxii.training,available,66,6%,4,Mathematics,,,
century.training,available,66,17%,7,Education,,,
xii.training,available,66,10%,3,Mathematics,,,
according.training,available,66,3%,9,"Business,Education,Technology",,,
accessary.training,available,66,1%,9,"Business,Law,Technology",,,
eighty.training,available,66,6%,6,Mathematics,,,
performing.training,available,66,6%,10,Entertainment,,,
adopted.training,available,66,4%,7,"Education,Healthcare",,,
exonerated.training,available,66,2%,10,"Humanities,Law,Politics",,,
modish.training,available,66,5%,6,Fashion,,,
xvi.training,available,66,5%,3,Mathematics,,,
sextet.training,available,66,1%,6,Entertainment,,,
fifty.training,available,66,12%,5,Mathematics,,,
tenner.training,available,66,5%,6,Finance,,,
six.training,available,66,26%,3,Mathematics,,,
acervate.training,available,66,1%,8,Science,,,
onec.training,available,66,6%,5,Mathematics,,,
adorned.training,available,66,5%,7,"Entertainment,Fashion,Retail",,,
xviii.training,available,66,5%,5,Mathematics,,,
xxvi.training,available,66,3%,4,Mathematics,,,
ninety.training,available,66,11%,6,Mathematics,,,
four.training,available,66,27%,4,Mathematics,,,
abstinent.training,available,66,1%,9,"Health and Fitness,Religion",,,
teenager.training,available,66,4%,8,"Education,Entertainment,Healthcare",,,
xvii.training,available,66,5%,4,Mathematics,,,
deuce.training,available,66,9%,5,Sports,,,
astringent.training,available,64,1%,10,"Healthcare,Pharmaceuticals",,,
nondrinker.training,available,64,1%,10,"Health and Fitness,Religion",,,
deviant.training,available,64,12%,7,"Medicine,Science",,,
absolved.training,available,64,1%,8,"Humanities,Law,Religion",,,
aflame.training,available,64,3%,6,Entertainment,,,
accordant.training,available,64,3%,9,"Arts,Entertainment",,,
scatty.training,available,64,1%,6,"Arts,Entertainment,Media",,,
rising.training,available,64,18%,6,"Construction,Manufacturing,Real Estate",,,
adagio.training,available,64,14%,6,Entertainment,,,
acentric.training,available,64,2%,8,Science,,,
chiliad.training,available,62,2%,7,Mathematics,,,
aborigine.training,available,62,1%,9,Humanities,,,
fortyfour.training,available,62,6%,10,Mathematics,,,
cumulative.training,available,62,2%,10,"Banking,Finance,Insurance",,,
abo.training,available,62,15%,3,Science,,,
roughly.training,available,62,3%,7,"Business,Media,Technology",,,
adjuvant.training,available,62,5%,8,"Healthcare,Manufacturing,Technology",,,
activistic.training,available,62,1%,10,"Humanities,Politics",,,
adoptive.training,available,62,1%,8,"Education,Healthcare",,,
exculpated.training,available,62,1%,10,"Humanities,Law,Politics",,,
playacting.training,available,62,1%,10,Entertainment,,,
quartet.training,available,62,7%,7,"Arts,Entertainment",,,
activation.training,available,62,16%,10,"Healthcare,Manufacturing,Technology",,,
eighteenth.training,available,62,1%,10,Mathematics,,,
troika.training,available,62,8%,6,Politics,,,
accrued.training,available,62,2%,7,"Banking,Finance,Insurance",,,
accusing.training,available,62,1%,8,Law,,,
nail.training,available,62,16%,4,"Construction,Fashion,General,Retail",,,
orso.training,available,62,9%,5,"Business,Media,Technology",,,
sixteenth.training,available,62,1%,9,Mathematics,,,
longdozen.training,available,62,2%,10,Mathematics,,,
wrapped.training,available,62,13%,7,"Fashion,Hospitality,Retail",,,
pungent.training,available,62,1%,7,Food and Beverage,,,
eleventh.training,available,62,5%,8,Mathematics,,,
acidic.training,available,62,5%,6,"Food and Beverage,Science",,,
twodozen.training,available,62,1%,9,Mathematics,,,
admissible.training,available,62,1%,10,"Education,Healthcare,Law",,,
ensuant.training,available,62,1%,7,"Healthcare,Insurance,Transportation",,,
cxlv.training,available,60,2%,4,Mathematics,,,
clxxv.training,available,60,1%,5,Mathematics,,,
paunchy.training,available,60,0%,7,"Health and Fitness,Medicine",,,
abstemious.training,available,60,0%,10,"Food and Beverage,Health and Fitness,Hospitality",,,
clxxx.training,available,60,1%,5,Mathematics,,,
abstainer.training,available,60,0%,9,"Health and Fitness,Religion",,,
idolised.training,available,60,1%,8,"Entertainment,Fashion,Retail",,,
cxxv.training,available,60,1%,4,Mathematics,,,
idolized.training,available,60,3%,8,"Entertainment,Fashion,Retail",,,
tertiary.training,available,60,4%,8,Education,,,
abashed.training,available,60,1%,7,Humanities,,,
acceptive.training,available,60,1%,9,"Education,Healthcare",,,
sixty.training,available,60,13%,5,Mathematics,,,
adnexal.training,available,60,1%,7,"Agriculture,Manufacturing,Retail",,,
clxv.training,available,60,1%,4,Mathematics,,,
cxl.training,available,60,7%,3,Mathematics,,,
cautionary.training,available,60,1%,10,"Business,Education,Healthcare",,,
adnate.training,available,60,1%,6,"Agriculture,Manufacturing,Retail",,,
clxx.training,available,60,3%,4,Mathematics,,,
eightysix.training,available,60,7%,10,Mathematics,,,
thou.training,available,60,7%,4,Mathematics,,,
octet.training,available,60,12%,5,Arts,,,
cxxx.training,available,60,4%,4,Mathematics,,,
aboveboard.training,available,60,5%,10,"Business,Law",,,
clx.training,available,60,10%,3,Mathematics,,,
cxxxv.training,available,60,2%,5,Mathematics,,,
xcl.training,available,60,5%,3,Mathematics,,,
cxx.training,available,60,10%,3,Mathematics,,,
annexal.training,available,60,1%,7,"Agriculture,Manufacturing,Retail",,,
cxv.training,available,60,4%,3,Mathematics,,,
tercet.training,available,59,2%,6,"Arts,Entertainment,Media",,,
seventy.training,available,58,7%,7,Mathematics,,,
sixtyone.training,available,58,3%,9,Mathematics,,,
octad.training,available,58,5%,5,Mathematics,,,
hexad.training,available,58,4%,5,Mathematics,,,
abandoned.training,available,58,10%,9,"Construction,Real Estate",,,
fourth.training,available,58,13%,6,Mathematics,,,
centesimal.training,available,58,1%,10,Mathematics,,,
sextuplet.training,available,58,1%,9,Healthcare,,,
adient.training,available,58,4%,6,"Medicine,Science",,,
tetrad.training,available,58,5%,6,Mathematics,,,
accented.training,available,58,3%,8,"Arts,Entertainment",,,
adjustive.training,available,58,1%,9,"Manufacturing,Retail,Technology",,,
cypher.training,available,58,29%,6,Mathematics,,,
alacarte.training,available,58,11%,10,Food and Beverage,,,
pentad.training,available,58,2%,6,Mathematics,,,
abridged.training,available,58,4%,8,Media,,,
fourscore.training,available,58,4%,9,Mathematics,,,
justabout.training,available,58,3%,10,"Business,Media,Technology",,,
lxxviii.training,available,58,1%,7,Mathematics,,,
enwrapped.training,available,58,0%,9,"Entertainment,Fashion,Media",,,
offhanded.training,available,58,1%,9,Entertainment,,,
accretive.training,available,58,6%,9,"Banking,Finance,Insurance",,,
niner.training,available,58,5%,5,Mathematics,,,
lxxx.training,available,58,2%,4,Mathematics,,,
actuarial.training,available,58,8%,9,"Finance,Insurance,Mathematics",,,
fifth.training,available,58,12%,5,Mathematics,,,
aucourant.training,available,58,3%,10,"Fashion,Media",,,
twelfth.training,available,58,2%,7,Mathematics,,,
ache.training,available,58,7%,4,Healthcare,,,
eighter.training,available,58,2%,7,Mathematics,,,
sixer.training,available,58,5%,5,Sports,,,
abuzz.training,available,58,5%,5,"Entertainment,Media,Technology",,,
acetic.training,available,58,1%,6,"Food and Beverage,Science",,,
adhoc.training,available,58,24%,6,"Business,Engineering,Technology",,,
heptad.training,available,58,1%,6,Mathematics,,,
addible.training,available,58,2%,7,"Engineering,Mathematics,Science",,,
addressed.training,available,58,3%,9,"Business,Technology,Telecommunications",,,
acyclic.training,available,58,4%,7,"Engineering,Mathematics,Science",,,
accoutred.training,available,58,1%,9,"Fashion,Manufacturing,Retail",,,
abused.training,available,58,5%,6,"Healthcare,Law",,,
super.training,resell,58,47%,5,Business,20/11/2015 18:45,20/11/2025 18:45,"GoDaddy.com, LLC"
closeto.training,available,58,3%,8,"Business,Media,Technology",,,
xxiii.training,available,56,5%,5,Mathematics,,,
potbellied.training,available,56,0%,10,"Health and Fitness,Medicine",,,
xxix.training,available,56,4%,4,Mathematics,,,
lviii.training,available,56,1%,5,Mathematics,,,
xxxi.training,available,56,9%,4,Mathematics,,,
abdominous.training,available,56,0%,10,"Health and Fitness,Medicine",,,
xli.training,available,56,5%,3,Mathematics,,,
accoutered.training,available,56,0%,10,"Fashion,Manufacturing,Retail",,,
thirtytwo.training,available,56,5%,10,Mathematics,,,
abeyant.training,available,56,1%,7,"Business,Law",,,
xxiv.training,available,56,5%,4,Mathematics,,,
xlvi.training,available,56,3%,4,Mathematics,,,
fiftytwo.training,available,56,6%,9,Mathematics,,,
lii.training,available,56,7%,3,Mathematics,,,
xxvii.training,available,56,3%,5,Mathematics,,,
fortyone.training,available,56,4%,9,Mathematics,,,
fiftyone.training,available,56,7%,9,Mathematics,,,
fortynine.training,available,56,3%,10,Mathematics,,,
xxxvi.training,available,56,1%,5,Mathematics,,,
halfdozen.training,available,56,1%,10,Mathematics,,,
fortytwo.training,available,56,17%,9,Mathematics,,,
xxxiii.training,available,56,2%,6,Mathematics,,,
xxxiv.training,available,56,1%,5,Mathematics,,,
fiftyfour.training,available,56,3%,10,Mathematics,,,
xlvii.training,available,56,2%,5,Mathematics,,,
thirtyone.training,available,56,5%,10,Mathematics,,,
xxxii.training,available,56,1%,5,Mathematics,,,
xlii.training,available,56,5%,4,Mathematics,,,
xliii.training,available,56,1%,5,Mathematics,,,
xxxv.training,available,56,4%,4,Mathematics,,,
xlviii.training,available,56,1%,6,Mathematics,,,
xlv.training,available,56,6%,3,Mathematics,,,
admittible.training,available,56,1%,10,"Education,Healthcare,Hospitality",,,
ilx.training,available,56,5%,3,Mathematics,,,
fiftyfive.training,available,56,7%,10,Mathematics,,,
terzetto.training,available,56,3%,8,Arts,,,
fortysix.training,available,56,3%,9,Mathematics,,,
admittable.training,available,56,1%,10,"Education,Healthcare,Hospitality",,,
addled.training,available,56,2%,6,Entertainment,,,
fiftysix.training,available,56,4%,9,Mathematics,,,
maledict.training,available,56,1%,8,Religion,,,
fiftynine.training,available,56,4%,10,Mathematics,,,
xxxviii.training,available,56,1%,7,Mathematics,,,
thirtysix.training,available,56,5%,10,Mathematics,,,
lvii.training,available,56,1%,4,Mathematics,,,
admissive.training,available,56,1%,9,"Education,Healthcare,Hospitality",,,
xxviii.training,available,56,1%,6,Mathematics,,,
aone.training,available,56,15%,5,Food and Beverage,,,
xliv.training,available,56,2%,4,Mathematics,,,
xxxvii.training,available,56,2%,6,Mathematics,,,
liii.training,available,56,4%,4,Mathematics,,,
appressed.training,available,56,0%,9,"Agriculture,Manufacturing,Retail",,,
adductive.training,available,54,0%,9,"Engineering,Mathematics,Science",,,
abducens.training,available,54,1%,8,Medicine,,,
fin.training,available,54,30%,3,Finance,,,
viii.training,available,54,6%,4,Mathematics,,,
quintuplet.training,available,54,1%,10,"Healthcare,Medicine,Science",,,
quadruplet.training,available,54,1%,10,"Healthcare,Medicine,Science",,,
sise.training,available,54,5%,4,Mathematics,,,
accursed.training,available,54,3%,8,"Entertainment,Media,Religion",,,
abhorrent.training,available,54,1%,9,Humanities,,,
abatable.training,available,54,1%,8,Law,,,
admonitory.training,available,54,0%,10,"Business,Education,Healthcare",,,
monitory.training,available,54,3%,8,"Business,Education,Healthcare",,,
quaternion.training,available,54,6%,10,Mathematics,,,
fortyfive.training,available,54,4%,10,Mathematics,,,
quaternity.training,available,54,4%,10,Mathematics,,,
adjuratory.training,available,54,0%,10,"Law,Politics,Religion",,,
accentual.training,available,54,3%,9,"Arts,Entertainment",,,
threescore.training,available,54,1%,10,Mathematics,,,
vii.training,available,54,13%,3,Mathematics,,,
deuceace.training,available,54,2%,9,Sports,,,
abaxial.training,available,54,1%,7,Science,,,
achy.training,available,54,3%,4,Healthcare,,,
iii.training,available,54,24%,3,Mathematics,,,
actuated.training,available,54,2%,8,"Automotive,Manufacturing,Technology",,,
aboral.training,available,54,2%,6,Science,,,
abient.training,available,54,1%,6,Science,,,
scratchy.training,available,54,3%,8,Fashion,,,
adpressed.training,available,54,0%,9,"Agriculture,Manufacturing,Retail",,,
abatic.training,available,54,1%,6,Science,,,
topnotch.training,available,54,18%,8,Business,,,
unnatural.training,available,54,4%,9,"Medicine,Science",,,
deserted.training,available,54,3%,8,"Hospitality,Real Estate",,,
abasic.training,available,54,1%,6,Science,,,
acoustical.training,available,54,4%,10,Science,,,
adaxial.training,available,54,2%,7,Science,,,
adducent.training,available,54,1%,8,"Engineering,Mathematics,Science",,,
twoscore.training,available,54,2%,8,Mathematics,,,
ternion.training,available,54,3%,7,Mathematics,,,
adducting.training,available,54,1%,9,"Engineering,Mathematics,Science",,,
quatern.training,available,54,2%,7,Mathematics,,,
septet.training,available,53,1%,6,General,,,
xxx.training,available,53,30%,3,"Arts,Entertainment,Media",,,
sestet.training,available,53,1%,6,Arts,,,
xcv.training,available,52,7%,3,Mathematics,,,
lxxi.training,available,52,1%,4,Mathematics,,,
odious.training,available,52,2%,6,"Entertainment,Humanities",,,
abominable.training,available,52,2%,10,"Entertainment,Humanities",,,
lxxxiii.training,available,52,1%,7,Mathematics,,,
sixtyfive.training,available,52,3%,10,Mathematics,,,
lxxxi.training,available,52,1%,5,Mathematics,,,
lxxvii.training,available,52,2%,6,Mathematics,,,
lxiii.training,available,52,2%,5,Mathematics,,,
lxi.training,available,52,5%,3,Mathematics,,,
detestable.training,available,52,1%,10,Humanities,,,
ninetyone.training,available,52,5%,10,Mathematics,,,
lxvii.training,available,52,1%,5,Mathematics,,,
xci.training,available,52,4%,3,Mathematics,,,
lxv.training,available,52,5%,3,Mathematics,,,
lxxv.training,available,52,1%,4,Mathematics,,,
lxxxvi.training,available,52,1%,6,Mathematics,,,
lxii.training,available,52,1%,4,Mathematics,,,
decumbent.training,available,52,1%,9,"Healthcare,Medicine,Science",,,
abysmal.training,available,52,4%,7,"Arts,Entertainment,Media",,,
abusive.training,available,52,3%,7,"Healthcare,Law",,,
tierce.training,available,52,3%,6,General,,,
lxiv.training,available,52,3%,4,Mathematics,,,
sixtysix.training,available,52,4%,9,Mathematics,,,
lxviii.training,available,52,1%,6,Mathematics,,,
repulsive.training,available,52,1%,9,Humanities,,,
littlejoe.training,available,52,2%,10,"Entertainment,Media",,,
repugnant.training,available,52,1%,9,Humanities,,,
aboulic.training,available,52,1%,7,Medicine,,,
xcviii.training,available,52,1%,6,Mathematics,,,
abstruse.training,available,52,5%,8,"Humanities,Mathematics,Science",,,
lxxxiv.training,available,52,1%,6,Mathematics,,,
eightyone.training,available,52,3%,10,Mathematics,,,
uphill.training,available,52,7%,6,"Sports,Transportation,Travel",,,
ninetytwo.training,available,52,4%,10,Mathematics,,,
lxxxii.training,available,52,1%,6,Mathematics,,,
adenoidal.training,available,52,1%,9,"Health and Fitness,Medicine,Science",,,
xciii.training,available,52,1%,5,Mathematics,,,
xcii.training,available,52,2%,4,Mathematics,,,
lxxvi.training,available,52,1%,5,Mathematics,,,
lxxxv.training,available,52,1%,5,Mathematics,,,
lxxiii.training,available,52,1%,6,Mathematics,,,
lxxxvii.training,available,52,1%,7,Mathematics,,,
xcvii.training,available,52,1%,5,Mathematics,,,
ixc.training,available,52,5%,3,Mathematics,,,
eightytwo.training,available,52,4%,10,Mathematics,,,
lxvi.training,available,52,3%,4,Mathematics,,,
xciv.training,available,52,2%,4,Mathematics,,,
chagrined.training,available,52,1%,9,Humanities,,,
ablated.training,available,52,1%,7,Science,,,
sixtytwo.training,available,52,3%,9,Mathematics,,,
sixtyfour.training,available,52,3%,10,Mathematics,,,
lxxiv.training,available,52,1%,5,Mathematics,,,
lxxii.training,available,52,1%,5,Mathematics,,,
ninetysix.training,available,52,4%,10,Mathematics,,,
xcvi.training,available,52,2%,4,Mathematics,,,
triplet.training,available,50,8%,7,Science,,,
acerbic.training,available,50,2%,7,"Arts,Humanities,Media",,,
trine.training,available,50,11%,5,"General,Religion",,,
acerb.training,available,50,2%,5,Science,,,
acapnic.training,available,50,0%,7,"Healthcare,Medicine,Science",,,
adhominem.training,available,50,2%,10,"Humanities,Law,Politics",,,
needlelike.training,available,50,0%,10,"Engineering,Medicine,Science",,,
gillless.training,available,50,0%,9,Science,,,
abducting.training,available,50,0%,9,Medicine,,,
abactinal.training,available,50,0%,9,Science,,,
adactylous.training,available,50,0%,10,Science,,,
quint.training,available,50,13%,5,"Arts,Entertainment",,,
acetous.training,available,50,1%,7,Science,,,
cinque.training,available,50,7%,6,Mathematics,,,
acellular.training,available,50,1%,9,Science,,,
acaudal.training,available,50,1%,7,"Agriculture,Science",,,
aborticide.training,available,50,0%,10,Medicine,,,
broached.training,available,50,0%,8,Food and Beverage,,,
acquitted.training,available,50,1%,9,Law,,,
abbatial.training,available,50,0%,8,Religion,,,
scummy.training,available,50,1%,6,Humanities,,,
acetose.training,available,50,1%,7,Science,,,
abomasal.training,available,50,0%,8,Agriculture,,,
vinegary.training,available,50,1%,8,Food and Beverage,,,
abranchial.training,available,50,0%,10,Science,,,
aculeated.training,available,50,0%,9,"Engineering,Medicine,Science",,,
acerose.training,available,50,1%,7,Science,,,
ogdoad.training,available,50,1%,6,Mathematics,,,
spinous.training,available,50,1%,7,"Agriculture,Science",,,
acapnotic.training,available,50,0%,9,"Healthcare,Medicine,Science",,,
abdicable.training,available,50,0%,9,Law,,,
lxx.training,available,50,5%,3,Mathematics,,,
ilxx.training,available,48,1%,4,Mathematics,,,
execrable.training,available,48,0%,9,"Entertainment,Humanities",,,
abyssal.training,available,48,12%,7,"Arts,Entertainment,Media",,,
ilxxx.training,available,48,1%,5,Mathematics,,,
notguilty.training,available,48,5%,10,Law,,,
abstracted.training,available,48,5%,10,"Arts,Humanities,Science",,,
apriori.training,available,48,13%,8,Mathematics,,,
lxxxviii.training,available,48,1%,8,Mathematics,,,
cotyloid.training,available,46,1%,8,Science,,,
acanthotic.training,available,46,0%,10,"Agriculture,Science",,,
achromic.training,available,46,2%,8,Science,,,
acetonic.training,available,46,1%,8,Science,,,
vinegarish.training,available,46,1%,10,Food and Beverage,,,
stripling.training,available,46,2%,9,"Education,Entertainment,Healthcare",,,
acarpous.training,available,46,0%,8,"Agriculture,Science",,,
acanthoid.training,available,46,1%,9,"Agriculture,Science",,,
acanthous.training,available,46,0%,9,"Agriculture,Science",,,
achenial.training,available,46,1%,8,Science,,,
acheronian.training,available,46,1%,10,Humanities,,,
acetylenic.training,available,46,1%,10,Science,,,
acaudate.training,available,46,1%,8,"Agriculture,Science",,,
acicular.training,available,46,2%,8,Science,,,
acapnial.training,available,46,0%,8,"Healthcare,Medicine,Science",,,
acephalous.training,available,46,1%,10,Science,,,
quaternary.training,available,46,3%,10,Mathematics,,,
acarpelous.training,available,46,0%,10,"Agriculture,Science",,,
theabsurd.training,available,46,1%,10,"Arts,Entertainment,Media",,,
acetabular.training,available,46,1%,10,Science,,,
stemless.training,available,46,2%,8,"Agriculture,Science",,,
achromous.training,available,46,1%,9,Science,,,
acetylic.training,available,46,1%,8,Science,,,
accusatory.training,available,44,1%,10,Law,,,
cotyloidal.training,available,44,1%,10,Science,,,
acherontic.training,available,44,1%,10,Humanities,,,
phoebe.training,available,41,14%,6,Science,,,
abscessed.training,available,41,0%,9,Healthcare,,,
scurrilous.training,available,40,1%,10,"Entertainment,Media,Politics",,,
accusive.training,available,40,1%,8,Law,,,
accurst.training,available,40,1%,7,Religion,,,